ba,barrel_batted_rate,bb_percent,bip,exit_velocity_avg,first_name,hard_hit_percent,k_percent,last_name,launch_angle_avg,pa,player_id,player_name,slg,woba,xba,xslg,xwoba,year
0.21,,,0.218,,,,,,,92,2026,2026,0.389,0.315,,,,171
0.265,,,0.232,,,,,,,82,2026,2026,0.601,0.42,,,,171
0.296,,,0.305,,,,,,,118,2026,2026,0.55,0.396,,,,170
0.357,,,0.324,,,,,,,120,2026,2026,0.762,0.504,,,,166
0.267,,,0.308,,,,,,,108,2026,2026,0.626,0.413,,,,166
0.28,,,0.262,,,,,,,87,2026,2026,0.658,0.461,,,,165
0.257,,,0.245,,,,,,,120,2026,2026,0.409,0.335,,,,165
0.225,,,0.208,,,,,,,100,2026,2026,0.39,0.298,,,,163
0.303,,,0.3,,,,,,,129,2026,2026,0.403,0.349,,,,162
0.306,,,0.287,,,,,,,115,2026,2026,0.515,0.387,,,,162
0.266,,,0.248,,,,,,,99,2026,2026,0.434,0.38,,,,161
0.286,,,0.289,,,,,,,104,2026,2026,0.421,0.382,,,,161
0.257,,,0.26,,,,,,,110,2026,2026,0.423,0.328,,,,161
0.215,,,0.205,,,,,,,81,2026,2026,0.488,0.369,,,,161
0.236,,,0.246,,,,,,,108,2026,2026,0.458,0.361,,,,161
0.27,,,0.212,,,,,,,115,2026,2026,0.48,0.371,,,,161
0.196,,,0.178,,,,,,,95,2026,2026,0.276,0.277,,,,160
0.233,,,0.252,,,,,,,85,2026,2026,0.405,0.353,,,,160
0.267,,,0.275,,,,,,,97,2026,2026,0.502,0.367,,,,159
0.266,,,0.329,,,,,,,127,2026,2026,0.418,0.322,,,,159
0.282,,,0.273,,,,,,,84,2026,2026,0.68,0.454,,,,159
0.258,,,0.24,,,,,,,91,2026,2026,0.511,0.394,,,,158
0.244,,,0.244,,,,,,,72,2026,2026,0.485,0.386,,,,157
0.267,,,0.264,,,,,,,116,2026,2026,0.404,0.309,,,,157
0.241,,,0.241,,,,,,,113,2026,2026,0.349,0.288,,,,157
0.209,,,0.234,,,,,,,82,2026,2026,0.456,0.352,,,,156
0.215,,,0.207,,,,,,,100,2026,2026,0.388,0.298,,,,156
0.267,,,0.257,,,,,,,90,2026,2026,0.539,0.365,,,,156
0.239,,,0.244,,,,,,,77,2026,2026,0.586,0.402,,,,156
0.244,,,0.226,,,,,,,95,2026,2026,0.469,0.359,,,,155
0.251,,,0.222,,,,,,,101,2026,2026,0.481,0.378,,,,155
0.241,,,0.244,,,,,,,106,2026,2026,0.392,0.322,,,,155
0.28,,,0.248,,,,,,,112,2026,2026,0.423,0.336,,,,155
0.269,,,0.252,,,,,,,108,2026,2026,0.519,0.377,,,,155
0.293,,,0.308,,,,,,,113,2026,2026,0.525,0.397,,,,154
0.249,,,0.265,,,,,,,98,2026,2026,0.37,0.325,,,,154
0.292,,,0.333,,,,,,,118,2026,2026,0.43,0.365,,,,154
0.278,,,0.286,,,,,,,109,2026,2026,0.574,0.406,,,,154
0.287,,,0.236,,,,,,,116,2026,2026,0.396,0.316,,,,154
0.223,,,0.229,,,,,,,99,2026,2026,0.368,0.312,,,,154
0.276,,,0.29,,,,,,,89,2026,2026,0.513,0.388,,,,153
0.23,,,0.211,,,,,,,118,2026,2026,0.292,0.281,,,,153
0.221,,,0.25,,,,,,,103,2026,2026,0.464,0.319,,,,153
0.267,,,0.252,,,,,,,98,2026,2026,0.485,0.381,,,,152
0.275,,,0.269,,,,,,,112,2026,2026,0.553,0.384,,,,152
0.268,,,0.27,,,,,,,86,2026,2026,0.558,0.415,,,,152
0.27,,,0.308,,,,,,,106,2026,2026,0.511,0.369,,,,151
0.247,,,0.241,,,,,,,104,2026,2026,0.362,0.31,,,,151
0.295,,,0.283,,,,,,,110,2026,2026,0.487,0.383,,,,151
0.268,,,0.26,,,,,,,106,2026,2026,0.476,0.361,,,,151
0.194,,,0.18,,,,,,,89,2026,2026,0.43,0.314,,,,151
0.298,,,0.333,,,,,,,114,2026,2026,0.479,0.351,,,,150
0.297,,,0.275,,,,,,,117,2026,2026,0.545,0.383,,,,150
0.212,,,0.227,,,,,,,86,2026,2026,0.426,0.33,,,,150
0.262,,,0.304,,,,,,,128,2026,2026,0.298,0.266,,,,150
0.256,,,0.276,,,,,,,94,2026,2026,0.452,0.354,,,,150
0.287,,,0.311,,,,,,,104,2026,2026,0.487,0.376,,,,150
0.315,,,0.328,,,,,,,113,2026,2026,0.468,0.377,,,,150
0.214,,,0.239,,,,,,,99,2026,2026,0.296,0.27,,,,149
0.274,,,0.256,,,,,,,110,2026,2026,0.393,0.333,,,,149
0.241,,,0.269,,,,,,,97,2026,2026,0.343,0.301,,,,149
0.226,,,0.209,,,,,,,96,2026,2026,0.316,0.259,,,,149
0.268,,,0.296,,,,,,,128,2026,2026,0.337,0.274,,,,148
0.28,,,0.25,,,,,,,96,2026,2026,0.402,0.352,,,,148
0.236,,,0.237,,,,,,,95,2026,2026,0.398,0.304,,,,148
0.242,,,0.206,,,,,,,89,2026,2026,0.469,0.348,,,,148
0.209,,,0.199,,,,,,,95,2026,2026,0.357,0.263,,,,148
0.211,,,0.219,,,,,,,95,2026,2026,0.339,0.259,,,,148
0.227,,,0.227,,,,,,,111,2026,2026,0.332,0.284,,,,148
0.293,,,0.3,,,,,,,102,2026,2026,0.474,0.368,,,,147
0.243,,,0.244,,,,,,,87,2026,2026,0.517,0.362,,,,147
0.219,,,0.189,,,,,,,90,2026,2026,0.356,0.309,,,,147
0.267,,,0.289,,,,,,,132,2026,2026,0.347,0.28,,,,147
0.275,,,0.287,,,,,,,97,2026,2026,0.488,0.381,,,,147
0.217,,,0.209,,,,,,,109,2026,2026,0.378,0.276,,,,147
0.262,,,0.233,,,,,,,109,2026,2026,0.404,0.319,,,,147
0.216,,,0.21,,,,,,,96,2026,2026,0.383,0.275,,,,146
0.229,,,0.192,,,,,,,99,2026,2026,0.391,0.311,,,,146
0.267,,,0.256,,,,,,,113,2026,2026,0.367,0.306,,,,146
0.293,,,0.308,,,,,,,88,2026,2026,0.577,0.405,,,,146
0.315,,,0.336,,,,,,,102,2026,2026,0.604,0.413,,,,146
0.239,,,0.235,,,,,,,99,2026,2026,0.436,0.316,,,,145
0.263,,,0.262,,,,,,,96,2026,2026,0.416,0.33,,,,145
0.293,,,0.326,,,,,,,102,2026,2026,0.448,0.347,,,,144
0.258,,,0.224,,,,,,,87,2026,2026,0.465,0.348,,,,144
0.295,,,0.316,,,,,,,132,2026,2026,0.365,0.302,,,,144
0.26,,,0.259,,,,,,,96,2026,2026,0.368,0.347,,,,144
0.269,,,0.26,,,,,,,109,2026,2026,0.446,0.336,,,,144
0.298,,,0.304,,,,,,,87,2026,2026,0.562,0.426,,,,144
0.303,,,0.32,,,,,,,109,2026,2026,0.449,0.369,,,,143
0.292,,,0.301,,,,,,,97,2026,2026,0.475,0.375,,,,143
0.294,,,0.295,,,,,,,114,2026,2026,0.454,0.354,,,,143
0.203,,,0.214,,,,,,,89,2026,2026,0.346,0.287,,,,143
0.244,,,0.216,,,,,,,96,2026,2026,0.445,0.334,,,,142
0.238,,,0.205,,,,,,,90,2026,2026,0.437,0.349,,,,142
0.256,,,0.238,,,,,,,92,2026,2026,0.4,0.325,,,,142
0.273,,,0.27,,,,,,,105,2026,2026,0.431,0.348,,,,142
0.216,,,0.231,,,,,,,79,2026,2026,0.423,0.324,,,,142
0.196,,,0.19,,,,,,,98,2026,2026,0.272,0.252,,,,142
0.289,,,0.279,,,,,,,97,2026,2026,0.459,0.365,,,,141
0.283,,,0.271,,,,,,,113,2026,2026,0.375,0.316,,,,141
0.303,,,0.221,,,,,,,103,2026,2026,0.482,0.363,,,,141
0.231,,,0.212,,,,,,,75,2026,2026,0.469,0.36,,,,140
0.236,,,0.218,,,,,,,99,2026,2026,0.419,0.323,,,,140
0.237,,,0.212,,,,,,,90,2026,2026,0.363,0.318,,,,139
0.219,,,0.161,,,,,,,105,2026,2026,0.297,0.271,,,,139
0.263,,,0.268,,,,,,,105,2026,2026,0.39,0.317,,,,139
0.273,,,0.262,,,,,,,91,2026,2026,0.456,0.327,,,,138
0.213,,,0.232,,,,,,,72,2026,2026,0.436,0.312,,,,138
0.24,,,0.17,,,,,,,92,2026,2026,0.481,0.371,,,,137
0.29,,,0.284,,,,,,,85,2026,2026,0.576,0.414,,,,136
0.237,,,0.238,,,,,,,83,2026,2026,0.448,0.325,,,,136
0.227,,,0.208,,,,,,,99,2026,2026,0.348,0.278,,,,136
0.234,,,0.192,,,,,,,88,2026,2026,0.386,0.293,,,,135
0.253,,,0.243,,,,,,,85,2026,2026,0.474,0.367,,,,135
0.319,,,0.343,,,,,,,78,2026,2026,0.643,0.459,,,,134
0.298,,,0.302,,,,,,,103,2026,2026,0.475,0.378,,,,134
0.237,,,0.265,,,,,,,78,2026,2026,0.438,0.343,,,,134
0.241,,,0.261,,,,,,,93,2026,2026,0.357,0.319,,,,133
0.229,,,0.195,,,,,,,88,2026,2026,0.395,0.296,,,,132
0.221,,,0.26,,,,,,,96,2026,2026,0.324,0.268,,,,132
0.243,,,0.239,,,,,,,81,2026,2026,0.413,0.318,,,,131
0.319,,,0.336,,,,,,,101,2026,2026,0.476,0.372,,,,131
0.254,,,0.237,,,,,,,95,2026,2026,0.379,0.31,,,,131
0.216,,,0.224,,,,,,,84,2026,2026,0.412,0.296,,,,130
0.311,,,0.317,,,,,,,96,2026,2026,0.393,0.338,,,,130
0.25,,,0.261,,,,,,,105,2026,2026,0.345,0.303,,,,130
0.262,,,0.229,,,,,,,76,2026,2026,0.41,0.353,,,,130
0.225,,,0.23,,,,,,,86,2026,2026,0.312,0.283,,,,129
0.245,,,0.245,,,,,,,94,2026,2026,0.333,0.325,,,,129
0.267,,,0.274,,,,,,,89,2026,2026,0.345,0.316,,,,129
0.266,,,0.254,,,,,,,83,2026,2026,0.508,0.369,,,,128
0.236,,,0.229,,,,,,,78,2026,2026,0.397,0.305,,,,128
0.245,,,0.276,,,,,,,88,2026,2026,0.356,0.299,,,,127
0.22,,,0.175,,,,,,,97,2026,2026,0.285,0.27,,,,127
0.232,,,0.267,,,,,,,103,2026,2026,0.316,0.26,,,,127
0.255,,,0.248,,,,,,,86,2026,2026,0.444,0.331,,,,126
0.21,,,0.175,,,,,,,78,2026,2026,0.357,0.311,,,,126
0.244,,,0.212,,,,,,,93,2026,2026,0.347,0.308,,,,125
0.225,,,0.184,,,,,,,81,2026,2026,0.407,0.308,,,,125
0.261,,,0.21,,,,,,,80,2026,2026,0.438,0.378,,,,124
0.212,,,0.27,,,,,,,91,2026,2026,0.322,0.264,,,,124
0.291,,,0.322,,,,,,,92,2026,2026,0.469,0.339,,,,123
0.205,,,0.238,,,,,,,68,2026,2026,0.36,0.304,,,,123
0.209,,,0.222,,,,,,,70,2026,2026,0.386,0.304,,,,123
0.266,,,0.224,,,,,,,92,2026,2026,0.364,0.293,,,,123
0.317,,,0.257,,,,,,,87,2026,2026,0.61,0.422,,,,122
0.279,,,0.241,,,,,,,93,2026,2026,0.453,0.327,,,,122
0.322,,,0.321,,,,,,,99,2026,2026,0.491,0.381,,,,121
0.287,,,0.306,,,,,,,88,2026,2026,0.551,0.38,,,,121
0.228,,,0.216,,,,,,,82,2026,2026,0.279,0.287,,,,120
0.257,,,0.273,,,,,,,87,2026,2026,0.398,0.312,,,,120
0.261,,,0.318,,,,,,,83,2026,2026,0.385,0.318,,,,119
0.157,,,0.131,,,,,,,86,2026,2026,0.267,0.216,,,,119
0.215,,,0.219,,,,,,,55,2026,2026,0.38,0.335,,,,119
0.242,,,0.248,,,,,,,68,2026,2026,0.425,0.331,,,,118
0.261,,,0.216,,,,,,,71,2026,2026,0.38,0.35,,,,118
0.337,,,0.306,,,,,,,91,2026,2026,0.654,0.439,,,,118
0.211,,,0.175,,,,,,,61,2026,2026,0.342,0.294,,,,117
0.248,,,0.239,,,,,,,72,2026,2026,0.422,0.303,,,,117
0.306,,,0.314,,,,,,,93,2026,2026,0.385,0.34,,,,117
0.242,,,0.267,,,,,,,74,2026,2026,0.434,0.327,,,,117
0.251,,,0.259,,,,,,,87,2026,2026,0.409,0.295,,,,116
0.279,,,0.269,,,,,,,86,2026,2026,0.505,0.373,,,,116
0.282,,,0.271,,,,,,,88,2026,2026,0.433,0.327,,,,116
0.212,,,0.242,,,,,,,82,2026,2026,0.293,0.298,,,,116
0.225,,,0.206,,,,,,,79,2026,2026,0.29,0.261,,,,116
0.218,,,0.144,,,,,,,74,2026,2026,0.325,0.305,,,,114
0.245,,,0.269,,,,,,,82,2026,2026,0.316,0.285,,,,114
0.243,,,0.21,,,,,,,87,2026,2026,0.386,0.297,,,,114
0.339,,,0.374,,,,,,,97,2026,2026,0.498,0.372,,,,113
0.21,,,0.214,,,,,,,61,2026,2026,0.41,0.309,,,,113
0.227,,,0.188,,,,,,,90,2026,2026,0.335,0.278,,,,112
0.262,,,0.234,,,,,,,89,2026,2026,0.407,0.302,,,,112
0.218,,,0.202,,,,,,,70,2026,2026,0.348,0.281,,,,112
0.239,,,0.18,,,,,,,70,2026,2026,0.362,0.303,,,,112
0.232,,,0.255,,,,,,,63,2026,2026,0.338,0.314,,,,112
0.215,,,0.202,,,,,,,64,2026,2026,0.348,0.285,,,,111
0.165,,,0.181,,,,,,,54,2026,2026,0.293,0.274,,,,111
0.25,,,0.333,,,,,,,76,2026,2026,0.536,0.354,,,,111
0.254,,,0.286,,,,,,,74,2026,2026,0.465,0.377,,,,110
0.231,,,0.229,,,,,,,73,2026,2026,0.456,0.332,,,,110
0.237,,,0.192,,,,,,,75,2026,2026,0.378,0.304,,,,109
0.225,,,0.217,,,,,,,73,2026,2026,0.33,0.301,,,,108
0.253,,,0.248,,,,,,,79,2026,2026,0.451,0.314,,,,108
0.25,,,0.255,,,,,,,69,2026,2026,0.447,0.331,,,,108
0.203,,,0.198,,,,,,,54,2026,2026,0.35,0.275,,,,107
0.298,,,0.327,,,,,,,80,2026,2026,0.46,0.346,,,,107
0.238,,,0.238,,,,,,,87,2026,2026,0.323,0.257,,,,106
0.146,,,0.136,,,,,,,57,2026,2026,0.213,0.238,,,,106
0.253,,,0.226,,,,,,,74,2026,2026,0.433,0.341,,,,105
0.255,,,0.266,,,,,,,74,2026,2026,0.332,0.293,,,,104
0.233,,,0.19,,,,,,,65,2026,2026,0.394,0.339,,,,104
0.224,,,0.239,,,,,,,57,2026,2026,0.391,0.303,,,,104
0.234,,,0.224,,,,,,,75,2026,2026,0.42,0.303,,,,104
0.214,,,0.184,,,,,,,68,2026,2026,0.292,0.26,,,,103
0.22,,,0.235,,,,,,,69,2026,2026,0.307,0.293,,,,103
0.23,,,0.211,,,,,,,68,2026,2026,0.372,0.304,,,,103
0.262,,,0.28,,,,,,,68,2026,2026,0.403,0.322,,,,103
0.256,,,0.273,,,,,,,59,2026,2026,0.44,0.354,,,,102
0.187,,,0.149,,,,,,,67,2026,2026,0.348,0.255,,,,102
0.188,,,0.207,,,,,,,55,2026,2026,0.317,0.309,,,,102
0.217,,,0.245,,,,,,,60,2026,2026,0.349,0.279,,,,102
0.293,,,0.306,,,,,,,63,2026,2026,0.508,0.386,,,,101
0.233,,,0.256,,,,,,,73,2026,2026,0.35,0.298,,,,101
0.225,,,0.195,,,,,,,59,2026,2026,0.437,0.337,,,,101
0.258,,,0.283,,,,,,,61,2026,2026,0.451,0.338,,,,101
0.274,,,0.25,,,,,,,56,2026,2026,0.57,0.385,,,,101
0.256,,,0.217,,,,,,,70,2026,2026,0.366,0.342,,,,101
0.199,,,0.209,,,,,,,56,2026,2026,0.277,0.252,,,,100
0.263,,,0.314,,,,,,,70,2026,2026,0.424,0.351,,,,100
0.277,,,0.325,,,,,,,63,2026,2026,0.373,0.375,,,,100
0.201,,,0.231,,,,,,,61,2026,2026,0.333,0.273,,,,100
0.233,,,0.253,,,,,,,63,2026,2026,0.379,0.306,,,,100
0.243,,,0.224,,,,,,,68,2026,2026,0.377,0.324,,,,98
0.205,,,0.157,,,,,,,61,2026,2026,0.343,0.274,,,,98
0.254,,,0.282,,,,,,,67,2026,2026,0.377,0.314,,,,98
0.219,,,0.216,,,,,,,58,2026,2026,0.37,0.298,,,,98
0.229,,,0.121,,,,,,,75,2026,2026,0.408,0.302,,,,98
0.237,,,0.287,,,,,,,63,2026,2026,0.369,0.339,,,,98
0.272,,,0.302,,,,,,,72,2026,2026,0.476,0.356,,,,97
0.26,,,0.304,,,,,,,71,2026,2026,0.393,0.304,,,,97
0.232,,,0.189,,,,,,,69,2026,2026,0.393,0.29,,,,96
0.245,,,0.256,,,,,,,61,2026,2026,0.466,0.326,,,,96
0.212,,,0.2,,,,,,,60,2026,2026,0.336,0.309,,,,96
0.272,,,0.275,,,,,,,62,2026,2026,0.437,0.364,,,,95
0.233,,,0.2,,,,,,,55,2026,2026,0.428,0.345,,,,95
0.275,,,0.25,,,,,,,67,2026,2026,0.502,0.349,,,,95
0.18,,,0.154,,,,,,,60,2026,2026,0.233,0.246,,,,93
0.186,,,0.205,,,,,,,56,2026,2026,0.315,0.294,,,,93
0.221,,,0.28,,,,,,,58,2026,2026,0.267,0.267,,,,93
0.277,,,0.264,,,,,,,75,2026,2026,0.359,0.301,,,,92
0.272,,,0.322,,,,,,,72,2026,2026,0.387,0.303,,,,91
0.223,,,0.211,,,,,,,53,2026,2026,0.476,0.379,,,,89
0.206,,,0.169,,,,,,,51,2026,2026,0.335,0.296,,,,89
0.293,,,0.222,,,,,,,56,2026,2026,0.364,0.315,,,,89
0.265,,,0.284,,,,,,,67,2026,2026,0.407,0.309,,,,88
0.24,,,0.165,,,,,,,67,2026,2026,0.305,0.272,,,,88
0.233,,,0.269,,,,,,,59,2026,2026,0.327,0.28,,,,87
0.251,,,0.221,,,,,,,65,2026,2026,0.352,0.293,,,,86
0.233,,,0.152,,,,,,,59,2026,2026,0.362,0.292,,,,86
0.232,,,0.247,,,,,,,64,2026,2026,0.269,0.277,,,,86
0.298,,,0.301,,,,,,,59,2026,2026,0.625,0.43,,,,86
0.214,,,0.127,,,,,,,59,2026,2026,0.388,0.288,,,,85
0.26,,,0.227,,,,,,,62,2026,2026,0.453,0.352,,,,85
0.173,,,0.197,,,,,,,49,2026,2026,0.285,0.25,,,,85
0.162,,,0.197,,,,,,,54,2026,2026,0.205,0.227,,,,85
0.289,,,0.267,,,,,,,57,2026,2026,0.516,0.376,,,,84
0.192,,,0.162,,,,,,,59,2026,2026,0.302,0.266,,,,84
0.35,,,0.387,,,,,,,68,2026,2026,0.571,0.428,,,,84
0.226,,,0.237,,,,,,,57,2026,2026,0.375,0.287,,,,84
0.249,,,0.237,,,,,,,61,2026,2026,0.356,0.282,,,,84
0.209,,,0.181,,,,,,,58,2026,2026,0.27,0.273,,,,83
0.272,,,0.256,,,,,,,63,2026,2026,0.361,0.294,,,,82
0.255,,,0.26,,,,,,,56,2026,2026,0.305,0.286,,,,82
0.268,,,0.301,,,,,,,59,2026,2026,0.369,0.318,,,,82
0.256,,,0.299,,,,,,,66,2026,2026,0.434,0.319,,,,82
0.191,,,0.211,,,,,,,44,2026,2026,0.352,0.284,,,,81
0.151,,,0.173,,,,,,,57,2026,2026,0.228,0.197,,,,81
0.205,,,0.153,,,,,,,47,2026,2026,0.376,0.291,,,,81
0.249,,,0.244,,,,,,,63,2026,2026,0.408,0.278,,,,80
0.221,,,0.2,,,,,,,55,2026,2026,0.391,0.317,,,,80
0.187,,,0.179,,,,,,,44,2026,2026,0.31,0.274,,,,79
0.226,,,0.234,,,,,,,50,2026,2026,0.313,0.323,,,,79
0.223,,,0.219,,,,,,,52,2026,2026,0.366,0.275,,,,78
0.259,,,0.221,,,,,,,54,2026,2026,0.391,0.329,,,,78
0.218,,,0.254,,,,,,,51,2026,2026,0.371,0.293,,,,78
0.315,,,0.324,,,,,,,62,2026,2026,0.537,0.385,,,,77
0.264,,,0.274,,,,,,,60,2026,2026,0.39,0.297,,,,77
0.298,,,0.275,,,,,,,53,2026,2026,0.574,0.404,,,,77
0.224,,,0.304,,,,,,,59,2026,2026,0.269,0.26,,,,76
0.172,,,0.203,,,,,,,49,2026,2026,0.273,0.226,,,,76
0.217,,,0.159,,,,,,,49,2026,2026,0.298,0.295,,,,74
0.219,,,0.174,,,,,,,52,2026,2026,0.321,0.258,,,,74
0.252,,,0.262,,,,,,,53,2026,2026,0.359,0.313,,,,73
0.3,,,0.308,,,,,,,53,2026,2026,0.401,0.344,,,,73
0.289,,,0.279,,,,,,,55,2026,2026,0.385,0.348,,,,73
0.237,,,0.25,,,,,,,53,2026,2026,0.338,0.294,,,,72
0.232,,,0.25,,,,,,,44,2026,2026,0.431,0.314,,,,71
0.216,,,0.224,,,,,,,46,2026,2026,0.386,0.272,,,,71
0.238,,,0.304,,,,,,,45,2026,2026,0.344,0.339,,,,71
0.326,,,0.276,,,,,,,52,2026,2026,0.494,0.406,,,,70
0.199,,,0.215,,,,,,,49,2026,2026,0.379,0.271,,,,70
0.174,,,0.182,,,,,,,56,2026,2026,0.283,0.208,,,,69
0.232,,,0.156,,,,,,,56,2026,2026,0.433,0.312,,,,69
0.261,,,0.172,,,,,,,48,2026,2026,0.397,0.297,,,,69
0.186,,,0.158,,,,,,,46,2026,2026,0.374,0.307,,,,68
0.187,,,0.161,,,,,,,43,2026,2026,0.261,0.272,,,,68
0.271,,,0.267,,,,,,,49,2026,2026,0.557,0.378,,,,67
0.175,,,0.246,,,,,,,40,2026,2026,0.248,0.241,,,,66
0.213,,,0.3,,,,,,,50,2026,2026,0.274,0.249,,,,66
0.196,,,0.218,,,,,,,40,2026,2026,0.325,0.305,,,,66
0.237,,,0.192,,,,,,,39,2026,2026,0.348,0.343,,,,66
0.232,,,0.276,,,,,,,40,2026,2026,0.302,0.279,,,,66
0.208,,,0.31,,,,,,,33,2026,2026,0.356,0.298,,,,66
0.222,,,0.197,,,,,,,53,2026,2026,0.343,0.257,,,,65
0.165,,,0.137,,,,,,,31,2026,2026,0.281,0.302,,,,65
0.209,,,0.296,,,,,,,47,2026,2026,0.259,0.289,,,,65
0.324,,,0.291,,,,,,,51,2026,2026,0.446,0.37,,,,64
0.239,,,0.288,,,,,,,40,2026,2026,0.382,0.301,,,,64
0.249,,,0.222,,,,,,,39,2026,2026,0.326,0.302,,,,62
0.184,,,0.212,,,,,,,43,2026,2026,0.228,0.249,,,,61
0.244,,,0.273,,,,,,,37,2026,2026,0.377,0.3,,,,61
0.184,,,0.192,,,,,,,33,2026,2026,0.353,0.294,,,,61
0.197,,,0.148,,,,,,,38,2026,2026,0.263,0.242,,,,61
0.219,,,0.179,,,,,,,45,2026,2026,0.32,0.27,,,,61
0.25,,,0.28,,,,,,,48,2026,2026,0.399,0.338,,,,60
0.284,,,0.321,,,,,,,37,2026,2026,0.572,0.403,,,,60
0.281,,,0.278,,,,,,,48,2026,2026,0.383,0.315,,,,60
0.27,,,0.218,,,,,,,43,2026,2026,0.401,0.323,,,,60
0.163,,,0.17,,,,,,,32,2026,2026,0.19,0.193,,,,60
0.266,,,0.264,,,,,,,42,2026,2026,0.471,0.346,,,,58
0.251,,,0.288,,,,,,,37,2026,2026,0.449,0.341,,,,58
0.226,,,0.259,,,,,,,44,2026,2026,0.322,0.261,,,,58
0.173,,,0.167,,,,,,,35,2026,2026,0.289,0.286,,,,58
0.195,,,0.176,,,,,,,40,2026,2026,0.225,0.215,,,,57
0.166,,,0.17,,,,,,,34,2026,2026,0.25,0.215,,,,57
0.252,,,0.222,,,,,,,44,2026,2026,0.353,0.276,,,,57
0.229,,,0.314,,,,,,,37,2026,2026,0.369,0.282,,,,56
0.174,,,0.178,,,,,,,28,2026,2026,0.296,0.3,,,,56
0.314,,,0.283,,,,,,,48,2026,2026,0.593,0.403,,,,56
0.227,,,0.22,,,,,,,34,2026,2026,0.357,0.299,,,,56
0.326,,,0.267,,,,,,,34,2026,2026,0.577,0.45,,,,56
0.239,,,0.269,,,,,,,43,2026,2026,0.324,0.269,,,,56
0.205,,,0.176,,,,,,,34,2026,2026,0.287,0.257,,,,56
0.26,,,0.25,,,,,,,46,2026,2026,0.344,0.281,,,,56
0.196,,,0.115,,,,,,,36,2026,2026,0.335,0.261,,,,55
0.188,,,0.2,,,,,,,33,2026,2026,0.328,0.31,,,,55
0.149,,,0.078,,,,,,,40,2026,2026,0.21,0.186,,,,54
0.207,,,0.2,,,,,,,33,2026,2026,0.358,0.276,,,,54
0.146,,,0.109,,,,,,,34,2026,2026,0.211,0.218,,,,53
0.214,,,0.156,,,,,,,36,2026,2026,0.285,0.27,,,,53
0.199,,,0.229,,,,,,,32,2026,2026,0.324,0.248,,,,52
0.286,,,0.233,,,,,,,38,2026,2026,0.356,0.335,,,,52
0.157,,,0.18,,,,,,,34,2026,2026,0.254,0.187,,,,52
0.193,,,0.262,,,,,,,26,2026,2026,0.303,0.307,,,,52
0.195,,,0.25,,,,,,,37,2026,2026,0.288,0.27,,,,51
0.194,,,0.191,,,,,,,35,2026,2026,0.272,0.231,,,,50
0.219,,,0.271,,,,,,,30,2026,2026,0.38,0.274,,,,50
0.167,,,0.196,,,,,,,29,2026,2026,0.295,0.225,,,,50
0.253,,,0.25,,,,,,,36,2026,2026,0.33,0.307,,,,50
0.286,,,0.209,,,,,,,32,2026,2026,0.534,0.392,,,,49
0.318,,,0.277,,,,,,,38,2026,2026,0.463,0.349,,,,49
0.266,,,0.256,,,,,,,35,2026,2026,0.436,0.326,,,,48
0.189,,,0.14,,,,,,,32,2026,2026,0.357,0.292,,,,48
0.264,,,0.238,,,,,,,28,2026,2026,0.386,0.327,,,,48
0.278,,,0.31,,,,,,,33,2026,2026,0.335,0.29,,,,46
0.33,,,0.256,,,,,,,37,2026,2026,0.449,0.361,,,,46
0.244,,,0.286,,,,,,,34,2026,2026,0.377,0.295,,,,46
0.195,,,0.231,,,,,,,35,2026,2026,0.342,0.278,,,,45
0.286,,,0.233,,,,,,,30,2026,2026,0.365,0.283,,,,44
0.188,,,0.171,,,,,,,26,2026,2026,0.42,0.286,,,,44
0.219,,,0.278,,,,,,,23,2026,2026,0.264,0.293,,,,44
0.222,,,0.077,,,,,,,30,2026,2026,0.365,0.285,,,,43
0.293,,,0.22,,,,,,,27,2026,2026,0.578,0.383,,,,43
0.247,,,0.243,,,,,,,30,2026,2026,0.456,0.34,,,,43
0.186,,,0.297,,,,,,,23,2026,2026,0.327,0.267,,,,42
0.258,,,0.205,,,,,,,33,2026,2026,0.317,0.274,,,,42
0.253,,,0.257,,,,,,,32,2026,2026,0.345,0.324,,,,41
0.271,,,0.344,,,,,,,28,2026,2026,0.321,0.347,,,,40
0.297,,,0.313,,,,,,,22,2026,2026,0.515,0.403,,,,40
0.212,,,0.25,,,,,,,26,2026,2026,0.277,0.251,,,,39
0.219,,,0.273,,,,,,,26,2026,2026,0.294,0.264,,,,38
0.206,,,0.182,,,,,,,26,2026,2026,0.355,0.303,,,,38
0.193,,,0.216,,,,,,,29,2026,2026,0.232,0.199,,,,38
0.254,,,0.194,,,,,,,29,2026,2026,0.34,0.268,,,,38
0.181,,,0.219,,,,,,,22,2026,2026,0.257,0.24,,,,37
0.212,,,0.182,,,,,,,25,2026,2026,0.361,0.259,,,,37
0.23,,,0.2,,,,,,,25,2026,2026,0.392,0.278,,,,36
0.168,,,0.242,,,,,,,19,2026,2026,0.258,0.213,,,,36
0.136,,,0.121,,,,,,,16,2026,2026,0.163,0.162,,,,36
0.275,,,0.206,,,,,,,25,2026,2026,0.499,0.338,,,,36
0.214,,,0.29,,,,,,,25,2026,2026,0.289,0.257,,,,35
0.249,,,0.303,,,,,,,24,2026,2026,0.372,0.276,,,,35
0.19,,,0.176,,,,,,,26,2026,2026,0.266,0.21,,,,35
0.186,,,0.172,,,,,,,21,2026,2026,0.215,0.243,,,,34
0.15,,,0.129,,,,,,,19,2026,2026,0.205,0.187,,,,33
0.214,,,0.345,,,,,,,20,2026,2026,0.331,0.291,,,,33
0.191,,,0.214,,,,,,,23,2026,2026,0.39,0.276,,,,33
0.209,,,0.2,,,,,,,18,2026,2026,0.414,0.293,,,,32
0.249,,,0.179,,,,,,,24,2026,2026,0.4,0.332,,,,32
0.197,,,0.219,,,,,,,20,2026,2026,0.33,0.224,,,,32
0.133,,,0.138,,,,,,,19,2026,2026,0.149,0.161,,,,31
0.15,,,0.179,,,,,,,15,2026,2026,0.174,0.178,,,,30
0.234,,,0.222,,,,,,,22,2026,2026,0.291,0.279,,,,30
0.382,,,0.292,,,,,,,19,2026,2026,0.779,0.519,,,,29
0.286,,,0.174,,,,,,,19,2026,2026,0.34,0.352,,,,29
0.281,,,0.192,,,,,,,23,2026,2026,0.366,0.28,,,,28
0.321,,,0.231,,,,,,,23,2026,2026,0.375,0.334,,,,28
0.205,,,0.143,,,,,,,21,2026,2026,0.295,0.213,,,,28
0.118,,,0.208,,,,,,,15,2026,2026,0.142,0.159,,,,27
0.141,,,0.083,,,,,,,16,2026,2026,0.192,0.188,,,,26
0.169,,,0.182,,,,,,,14,2026,2026,0.427,0.305,,,,25
0.376,,,0.273,,,,,,,16,2026,2026,0.773,0.513,,,,25
0.178,,,0.13,,,,,,,15,2026,2026,0.201,0.19,,,,25
0.267,,,0.261,,,,,,,18,2026,2026,0.313,0.29,,,,25
0.372,,,0.478,,,,,,,20,2026,2026,0.487,0.387,,,,24
0.243,,,0.222,,,,,,,13,2026,2026,0.277,0.349,,,,24
0.282,,,0.35,,,,,,,18,2026,2026,0.39,0.364,,,,23
0.347,,,0.455,,,,,,,20,2026,2026,0.453,0.363,,,,23
0.124,,,0.053,,,,,,,14,2026,2026,0.184,0.231,,,,23
0.153,,,0.409,,,,,,,17,2026,2026,0.218,0.184,,,,23
0.218,,,0.263,,,,,,,15,2026,2026,0.417,0.309,,,,22
0.187,,,0.095,,,,,,,13,2026,2026,0.217,0.175,,,,22
0.182,,,0.1,,,,,,,11,2026,2026,0.235,0.229,,,,22
0.253,,,0.211,,,,,,,13,2026,2026,0.484,0.367,,,,22
0.254,,,0.15,,,,,,,18,2026,2026,0.343,0.299,,,,22
0.256,,,0.294,,,,,,,11,2026,2026,0.452,0.383,,,,21
0.268,,,0.214,,,,,,,11,2026,2026,0.69,0.503,,,,21
0.163,,,0.105,,,,,,,17,2026,2026,0.225,0.185,,,,21
0.206,,,0.188,,,,,,,13,2026,2026,0.226,0.317,,,,21
0.099,,,0.2,,,,,,,13,2026,2026,0.136,0.13,,,,21
0.275,,,0.333,,,,,,,12,2026,2026,0.474,0.361,,,,20
0.204,,,0.158,,,,,,,15,2026,2026,0.245,0.222,,,,20
0.167,,,0.111,,,,,,,10,2026,2026,0.212,0.219,,,,20
0.293,,,0.214,,,,,,,11,2026,2026,0.706,0.48,,,,18
0.271,,,0.267,,,,,,,14,2026,2026,0.316,0.268,,,,17
0.26,,,0.118,,,,,,,17,2026,2026,0.301,0.247,,,,17
0.28,,,0.143,,,,,,,11,2026,2026,0.32,0.343,,,,17
0.254,,,0.286,,,,,,,8,2026,2026,0.29,0.298,,,,16
0.32,,,0.308,,,,,,,10,2026,2026,0.581,0.428,,,,15
0.279,,,0.286,,,,,,,12,2026,2026,0.348,0.301,,,,15
0.222,,,0.267,,,,,,,9,2026,2026,0.523,0.311,,,,15
0.096,,,0,,,,,,,6,2026,2026,0.178,0.235,,,,15
0.099,,,0,,,,,,,6,2026,2026,0.117,0.138,,,,14
0.075,,,0.077,,,,,,,5,2026,2026,0.269,0.181,,,,14
0.171,,,0.308,,,,,,,11,2026,2026,0.397,0.237,,,,14
0.21,,,0.308,,,,,,,8,2026,2026,0.248,0.199,,,,13
0.232,,,0.231,,,,,,,10,2026,2026,0.366,0.256,,,,13
0.106,,,0.077,,,,,,,11,2026,2026,0.126,0.099,,,,13
0.32,,,0.333,,,,,,,11,2026,2026,0.369,0.285,,,,13
0.307,,,0.2,,,,,,,7,2026,2026,0.337,0.301,,,,12
0.321,,,0.364,,,,,,,10,2026,2026,0.48,0.375,,,,12
0.105,,,0,,,,,,,4,2026,2026,0.206,0.332,,,,11
0.339,,,0.222,,,,,,,7,2026,2026,0.766,0.489,,,,10
0.316,,,0.3,,,,,,,8,2026,2026,0.358,0.296,,,,10
0.16,,,0.125,,,,,,,7,2026,2026,0.189,0.219,,,,9
0.306,,,0.333,,,,,,,8,2026,2026,0.346,0.284,,,,9
0.063,,,0,,,,,,,7,2026,2026,0.071,0.058,,,,9
0.106,,,0.222,,,,,,,4,2026,2026,0.209,0.132,,,,9
0.104,,,0.167,,,,,,,4,2026,2026,0.162,0.263,,,,8
0.193,,,0.143,,,,,,,3,2026,2026,0.644,0.343,,,,7
0.322,,,0.143,,,,,,,6,2026,2026,0.379,0.308,,,,7
0.246,,,0.167,,,,,,,5,2026,2026,0.275,0.295,,,,7
0.226,,,0.286,,,,,,,5,2026,2026,0.308,0.23,,,,7
0.167,,,0.143,,,,,,,4,2026,2026,0.214,0.166,,,,7
0.201,,,0.286,,,,,,,4,2026,2026,0.314,0.221,,,,7
0.301,,,0.333,,,,,,,6,2026,2026,0.444,0.319,,,,6
0.212,,,0.2,,,,,,,4,2026,2026,0.762,0.453,,,,6
0.248,,,0.25,,,,,,,3,2026,2026,0.366,0.411,,,,6
0.314,,,0.333,,,,,,,5,2026,2026,0.369,0.299,,,,6
0.132,,,0.2,,,,,,,2,2026,2026,0.15,0.123,,,,5
0.819,,,1,,,,,,,4,2026,2026,2.032,1.09,,,,5
0.241,,,0.2,,,,,,,4,2026,2026,0.264,0.224,,,,5
0.101,,,0.4,,,,,,,3,2026,2026,0.17,0.115,,,,5
0.119,,,0,,,,,,,4,2026,2026,0.148,0.115,,,,5
0.029,,,0,,,,,,,1,2026,2026,0.032,0.305,,,,5
0.225,,,0.5,,,,,,,4,2026,2026,0.432,0.28,,,,4
0.166,,,0.25,,,,,,,4,2026,2026,0.19,0.156,,,,4
0.067,,,0,,,,,,,2,2026,2026,0.096,0.07,,,,4
0.178,,,0,,,,,,,2,2026,2026,0.185,0.161,,,,4
0.33,,,0.333,,,,,,,2,2026,2026,0.374,0.308,,,,3
0.095,,,0,,,,,,,2,2026,2026,0.175,0.11,,,,3
0.19,,,0,,,,,,,1,2026,2026,0.218,0.181,,,,3
0.166,,,0,,,,,,,2,2026,2026,0.399,0.242,,,,3
0.306,,,0,,,,,,,1,2026,2026,0.355,0.499,,,,2
,,,0,,,,,,,0,2026,2026,,0,,,,2
0.001,,,0,,,,,,,1,2026,2026,0.001,0.354,,,,2
0.241,,,0,,,,,,,1,2026,2026,0.262,0.223,,,,2
,,,0,,,,,,,0,2026,2026,,0,,,,1
0.045,,,0,,,,,,,1,2026,2026,0.047,0.042,,,,1
,,,,,,,,,,0,2026,2026,,0.707,,,,1
